"date","symbol","adjusted"
2018-01-02,"BABA",183.649994
2018-01-03,"BABA",184
2018-01-04,"BABA",185.710007
2018-01-05,"BABA",190.699997
2018-01-08,"BABA",190.330002
2018-01-09,"BABA",190.800003
2018-01-10,"BABA",189.789993
2018-01-11,"BABA",188.75
2018-01-12,"BABA",187.789993
2018-01-16,"BABA",182.399994
2018-01-17,"BABA",183.830002
2018-01-18,"BABA",184.399994
2018-01-19,"BABA",184.050003
2018-01-22,"BABA",184.020004
2018-01-23,"BABA",192.279999
2018-01-24,"BABA",195.529999
2018-01-25,"BABA",198.330002
2018-01-26,"BABA",205.220001
2018-01-29,"BABA",203.009995
2018-01-30,"BABA",199.660004
2018-01-31,"BABA",204.289993
2018-02-01,"BABA",192.220001
2018-02-02,"BABA",187.309998
2018-02-05,"BABA",180.529999
2018-02-06,"BABA",185.169998
2018-02-07,"BABA",180.300003
2018-02-08,"BABA",173.699997
2018-02-09,"BABA",176.669998
2018-02-12,"BABA",177.440002
2018-02-13,"BABA",179.25
2018-02-14,"BABA",186.759995
2018-02-15,"BABA",187.449997
2018-02-16,"BABA",183.679993
2018-02-20,"BABA",187.190002
2018-02-21,"BABA",188.820007
2018-02-22,"BABA",188.75
2018-02-23,"BABA",193.289993
2018-02-26,"BABA",194.190002
2018-02-27,"BABA",188.259995
2018-02-28,"BABA",186.139999
2018-03-01,"BABA",181.990005
2018-03-02,"BABA",179.759995
2018-03-05,"BABA",181.600006
2018-03-06,"BABA",187.369995
2018-03-07,"BABA",189.050003
2018-03-08,"BABA",187.179993
2018-03-09,"BABA",190.550003
2018-03-12,"BABA",192.740005
2018-03-13,"BABA",188.410004
2018-03-14,"BABA",192.559998
2018-03-15,"BABA",199.059998
2018-03-16,"BABA",200.279999
2018-03-19,"BABA",194.529999
2018-03-20,"BABA",198.949997
2018-03-21,"BABA",195.300003
2018-03-22,"BABA",184.649994
2018-03-23,"BABA",181.199997
2018-03-26,"BABA",190.5
2018-03-27,"BABA",181.889999
2018-03-28,"BABA",178.910004
2018-03-29,"BABA",183.539993
2018-04-02,"BABA",177.610001
2018-04-03,"BABA",174.669998
2018-04-04,"BABA",172.070007
2018-04-05,"BABA",172.570007
2018-04-06,"BABA",167.520004
2018-04-09,"BABA",169.869995
2018-04-10,"BABA",177.100006
2018-04-11,"BABA",175.360001
2018-04-12,"BABA",175.919998
2018-04-13,"BABA",172.039993
2018-04-16,"BABA",174.699997
2018-04-17,"BABA",178.699997
2018-04-18,"BABA",182.679993
2018-04-19,"BABA",181.389999
2018-04-20,"BABA",179.110001
2018-04-23,"BABA",175.570007
2018-04-24,"BABA",173.089996
2018-04-25,"BABA",170.220001
2018-04-26,"BABA",173.899994
2018-04-27,"BABA",177.160004
2018-04-30,"BABA",178.539993
2018-05-01,"BABA",179.5
2018-05-02,"BABA",181.449997
2018-05-03,"BABA",182.449997
2018-05-04,"BABA",188.889999
2018-05-07,"BABA",195.350006
2018-05-08,"BABA",196.309998
2018-05-09,"BABA",195.429993
2018-05-10,"BABA",195.960007
2018-05-11,"BABA",194.360001
2018-05-14,"BABA",198.639999
2018-05-15,"BABA",196.610001
2018-05-16,"BABA",198.110001
2018-05-17,"BABA",196.020004
2018-05-18,"BABA",195
2018-05-21,"BABA",197.639999
2018-05-22,"BABA",195.869995
2018-05-23,"BABA",196.800003
2018-05-24,"BABA",197.369995
2018-05-25,"BABA",199.199997
2018-05-29,"BABA",198
2018-05-30,"BABA",197.979996
2018-05-31,"BABA",198.009995
2018-06-01,"BABA",204.339996
2018-06-04,"BABA",208.949997
2018-06-05,"BABA",208.369995
2018-06-06,"BABA",208.300003
2018-06-07,"BABA",203.619995
2018-06-08,"BABA",205.070007
2018-06-11,"BABA",205.699997
2018-06-12,"BABA",209.080002
2018-06-13,"BABA",206.619995
2018-06-14,"BABA",210.860001
2018-06-15,"BABA",208
2018-06-18,"BABA",208.570007
2018-06-19,"BABA",204.429993
2018-06-20,"BABA",206.229996
2018-06-21,"BABA",202.210007
2018-06-22,"BABA",202.009995
2018-06-25,"BABA",191.25
2018-06-26,"BABA",191.419998
2018-06-27,"BABA",185.020004
2018-06-28,"BABA",188.380005
2018-06-29,"BABA",185.529999
2018-07-02,"BABA",186.360001
2018-07-03,"BABA",184.75
2018-07-05,"BABA",186.880005
2018-07-06,"BABA",192.270004
2018-07-09,"BABA",192.75
2018-07-10,"BABA",192.550003
2018-07-11,"BABA",187.419998
2018-07-12,"BABA",190.169998
2018-07-13,"BABA",190.039993
2018-07-16,"BABA",190.350006
2018-07-17,"BABA",192.660004
2018-07-18,"BABA",190.789993
2018-07-19,"BABA",187.339996
2018-07-20,"BABA",187.25
2018-07-23,"BABA",187.039993
2018-07-24,"BABA",189
2018-07-25,"BABA",197.979996
2018-07-26,"BABA",194.179993
2018-07-27,"BABA",189.419998
2018-07-30,"BABA",184.820007
2018-07-31,"BABA",187.229996
2018-08-01,"BABA",185.270004
2018-08-02,"BABA",182.600006
2018-08-03,"BABA",180.839996
2018-08-06,"BABA",178.619995
2018-08-07,"BABA",179.919998
2018-08-08,"BABA",177.520004
2018-08-09,"BABA",177.190002
2018-08-10,"BABA",180.009995
2018-08-13,"BABA",177.679993
2018-08-14,"BABA",172.529999
2018-08-15,"BABA",169.830002
2018-08-16,"BABA",171.990005
2018-08-17,"BABA",172.779999
2018-08-20,"BABA",176.289993
2018-08-21,"BABA",177.919998
2018-08-22,"BABA",177.850006
2018-08-23,"BABA",172.229996
2018-08-24,"BABA",174.229996
2018-08-27,"BABA",180.649994
2018-08-28,"BABA",178.190002
2018-08-29,"BABA",178.5
2018-08-30,"BABA",174.600006
2018-08-31,"BABA",175.009995
2018-09-04,"BABA",170.440002
2018-09-05,"BABA",164.229996
2018-09-06,"BABA",159.869995
2018-09-07,"BABA",162.369995
2018-09-10,"BABA",156.360001
2018-09-11,"BABA",157.460007
2018-09-12,"BABA",161.460007
2018-09-13,"BABA",165.529999
2018-09-14,"BABA",164.740005
2018-09-17,"BABA",158.889999
2018-09-18,"BABA",156.649994
2018-09-19,"BABA",162.630005
2018-09-20,"BABA",165.880005
2018-09-21,"BABA",164.630005
2018-09-24,"BABA",163.160004
2018-09-25,"BABA",164.25
2018-09-26,"BABA",165.399994
2018-09-27,"BABA",166.320007
2018-09-28,"BABA",164.759995
2018-10-01,"BABA",162
2018-10-02,"BABA",160.229996
2018-10-03,"BABA",162.369995
2018-10-04,"BABA",156.130005
2018-10-05,"BABA",154.630005
2018-10-08,"BABA",151.139999
2018-10-09,"BABA",146.940002
2018-10-10,"BABA",138.289993
2018-10-11,"BABA",141.899994
2018-10-12,"BABA",147.289993
2018-10-15,"BABA",144.160004
2018-10-16,"BABA",149.600006
2018-10-17,"BABA",148.139999
2018-10-18,"BABA",142.020004
2018-10-19,"BABA",142.929993
2018-10-22,"BABA",148.800003
2018-10-23,"BABA",146.649994
2018-10-24,"BABA",139.610001
2018-10-25,"BABA",144.600006
2018-10-26,"BABA",142.869995
2018-10-29,"BABA",133.380005
2018-10-30,"BABA",136.330002
2018-10-31,"BABA",142.279999
2018-11-01,"BABA",151.25
2018-11-02,"BABA",147.589996
2018-11-05,"BABA",144.639999
2018-11-06,"BABA",147.440002
2018-11-07,"BABA",152.5
2018-11-08,"BABA",148.990005
2018-11-09,"BABA",144.850006
2018-11-12,"BABA",142.820007
2018-11-13,"BABA",146.979996
2018-11-14,"BABA",150.440002
2018-11-15,"BABA",156.220001
2018-11-16,"BABA",154.100006
2018-11-19,"BABA",149.529999
2018-11-20,"BABA",145.979996
2018-11-21,"BABA",149.410004
2018-11-23,"BABA",150.330002
2018-11-26,"BABA",156.009995
2018-11-27,"BABA",156.460007
2018-11-28,"BABA",159.339996
2018-11-29,"BABA",156.279999
2018-11-30,"BABA",160.860001
2018-12-03,"BABA",163.740005
2018-12-04,"BABA",158.339996
2018-12-06,"BABA",155.830002
2018-12-07,"BABA",153.059998
2018-12-10,"BABA",151.429993
2018-12-11,"BABA",151.830002
2018-12-12,"BABA",151.5
2018-12-13,"BABA",151.479996
2018-12-14,"BABA",149
2018-12-17,"BABA",143.979996
2018-12-18,"BABA",140.820007
2018-12-19,"BABA",137.139999
2018-12-20,"BABA",135.110001
2018-12-21,"BABA",132
2018-12-24,"BABA",131.889999
2018-12-26,"BABA",138
2018-12-27,"BABA",138.449997
2018-12-28,"BABA",139.089996
2018-12-31,"BABA",137.070007
2019-01-02,"BABA",136.699997
2019-01-03,"BABA",130.600006
2019-01-04,"BABA",139.75
2019-01-07,"BABA",143.100006
2019-01-08,"BABA",146.789993
2019-01-09,"BABA",151.919998
2019-01-10,"BABA",151.690002
2019-01-11,"BABA",151.320007
2019-01-14,"BABA",149.270004
2019-01-15,"BABA",150.880005
2019-01-16,"BABA",154.839996
2019-01-17,"BABA",155.970001
2019-01-18,"BABA",157.020004
2019-01-22,"BABA",152.149994
2019-01-23,"BABA",152.029999
2019-01-24,"BABA",155.860001
2019-01-25,"BABA",159.210007
2019-01-28,"BABA",158.919998
2019-01-29,"BABA",156.880005
2019-01-30,"BABA",166.820007
2019-01-31,"BABA",168.490005
2019-02-01,"BABA",167.970001
2019-02-04,"BABA",166.699997
2019-02-05,"BABA",171.830002
2019-02-06,"BABA",171.520004
2019-02-07,"BABA",166.960007
2019-02-08,"BABA",167.360001
2019-02-11,"BABA",167.449997
2019-02-12,"BABA",168.710007
2019-02-13,"BABA",169.399994
2019-02-14,"BABA",168.380005
2019-02-15,"BABA",166.149994
2019-02-19,"BABA",170.179993
2019-02-20,"BABA",170.710007
2019-02-21,"BABA",171.660004
2019-02-22,"BABA",176.919998
2019-02-25,"BABA",183.25
2019-02-26,"BABA",183.539993
2019-02-27,"BABA",184.580002
2019-02-28,"BABA",183.029999
2019-03-01,"BABA",183.880005
2019-03-04,"BABA",187.25
2019-03-05,"BABA",185
2019-03-06,"BABA",184.169998
2019-03-07,"BABA",177.320007
2019-03-08,"BABA",175.029999
2019-03-11,"BABA",180.410004
2019-03-12,"BABA",180.630005
2019-03-13,"BABA",180.699997
2019-03-14,"BABA",180.360001
2019-03-15,"BABA",180.970001
2019-03-18,"BABA",181.830002
2019-03-19,"BABA",182.139999
2019-03-20,"BABA",181.279999
2019-03-21,"BABA",181.5
2019-03-22,"BABA",176.259995
2019-03-25,"BABA",178.770004
2019-03-26,"BABA",178.080002
2019-03-27,"BABA",177.029999
2019-03-28,"BABA",177.729996
2019-03-29,"BABA",182.449997
2019-04-01,"BABA",180.889999
2019-04-02,"BABA",181.740005
2019-04-03,"BABA",178.320007
2019-04-04,"BABA",181.070007
2019-04-05,"BABA",185.350006
2019-04-08,"BABA",186.5
2019-04-09,"BABA",187.190002
2019-04-10,"BABA",186.190002
2019-04-11,"BABA",184.979996
2019-04-12,"BABA",188.910004
2019-04-15,"BABA",183.070007
2019-04-16,"BABA",185.779999
2019-04-17,"BABA",187.550003
2019-04-18,"BABA",186.940002
2019-04-22,"BABA",185.380005
2019-04-23,"BABA",187.289993
2019-04-24,"BABA",185.669998
2019-04-25,"BABA",187.880005
2019-04-26,"BABA",187.089996
2019-04-29,"BABA",186.940002
2019-04-30,"BABA",185.570007
2019-05-01,"BABA",189.309998
2019-05-02,"BABA",190.389999
2019-05-03,"BABA",195.210007
2019-05-06,"BABA",188.240005
2019-05-07,"BABA",181.429993
2019-05-08,"BABA",179.589996
2019-05-09,"BABA",179.039993
2019-05-10,"BABA",178
2019-05-13,"BABA",170.009995
2019-05-14,"BABA",174.839996
2019-05-15,"BABA",177.600006
2019-05-16,"BABA",175.570007
2019-05-17,"BABA",169.570007
2019-05-20,"BABA",160.649994
2019-05-21,"BABA",163.429993
2019-05-22,"BABA",158.830002
2019-05-23,"BABA",156
2019-05-24,"BABA",155
2019-05-28,"BABA",154.809998
2019-05-29,"BABA",152.479996
2019-05-30,"BABA",151.070007
2019-05-31,"BABA",149.259995
2019-06-03,"BABA",149.910004
2019-06-04,"BABA",154.149994
2019-06-05,"BABA",151.649994
2019-06-06,"BABA",151.5
2019-06-07,"BABA",154.229996
2019-06-10,"BABA",159.850006
2019-06-11,"BABA",162.649994
2019-06-12,"BABA",160.039993
2019-06-13,"BABA",160.330002
2019-06-14,"BABA",158.100006
2019-06-17,"BABA",159.910004
2019-06-18,"BABA",165.509995
2019-06-19,"BABA",165.460007
2019-06-20,"BABA",168.25
2019-06-21,"BABA",167.550003
2019-06-24,"BABA",168.100006
2019-06-25,"BABA",165.800003
2019-06-26,"BABA",168.990005
2019-06-27,"BABA",170.899994
2019-06-28,"BABA",169.449997
2019-07-01,"BABA",175.050003
2019-07-02,"BABA",175.449997
2019-07-03,"BABA",174.669998
2019-07-05,"BABA",173.300003
2019-07-08,"BABA",168.449997
2019-07-09,"BABA",168.800003
2019-07-10,"BABA",166.929993
2019-07-11,"BABA",166.550003
2019-07-12,"BABA",169.070007
2019-07-15,"BABA",173.5
2019-07-16,"BABA",174.190002
2019-07-17,"BABA",174.820007
2019-07-18,"BABA",172.800003
2019-07-19,"BABA",172.990005
2019-07-22,"BABA",174
2019-07-23,"BABA",178.089996
2019-07-24,"BABA",178.669998
2019-07-25,"BABA",177.289993
2019-07-26,"BABA",178.740005
2019-07-29,"BABA",177.020004
2019-07-30,"BABA",174.100006
2019-07-31,"BABA",173.110001
2019-08-01,"BABA",165.649994
2019-08-02,"BABA",161
2019-08-05,"BABA",153.669998
2019-08-06,"BABA",157.429993
2019-08-07,"BABA",159.169998
2019-08-08,"BABA",162.220001
2019-08-09,"BABA",159.119995
2019-08-12,"BABA",159.309998
2019-08-13,"BABA",164.029999
2019-08-14,"BABA",162.059998
2019-08-15,"BABA",166.970001
2019-08-16,"BABA",174.600006
2019-08-19,"BABA",178.279999
2019-08-20,"BABA",177.210007
2019-08-21,"BABA",175.240005
2019-08-22,"BABA",171.910004
2019-08-23,"BABA",164.539993
2019-08-26,"BABA",165.899994
2019-08-27,"BABA",166.199997
2019-08-28,"BABA",167.479996
2019-08-29,"BABA",172.809998
2019-08-30,"BABA",175.029999
2019-09-03,"BABA",172.410004
2019-09-04,"BABA",174.330002
2019-09-05,"BABA",178.940002
2019-09-06,"BABA",176.690002
2019-09-09,"BABA",177.779999
2019-09-10,"BABA",174.990005
2019-09-11,"BABA",176.089996
2019-09-12,"BABA",178.240005
2019-09-13,"BABA",179.169998
2019-09-16,"BABA",177.070007
2019-09-17,"BABA",179
2019-09-18,"BABA",180
2019-09-19,"BABA",180.460007
2019-09-20,"BABA",182.509995
2019-09-23,"BABA",176.979996
2019-09-24,"BABA",171.550003
2019-09-25,"BABA",176.660004
2019-09-26,"BABA",175
2019-09-27,"BABA",165.979996
2019-09-30,"BABA",167.229996
2019-10-01,"BABA",165.149994
2019-10-02,"BABA",165.770004
2019-10-03,"BABA",169.479996
2019-10-04,"BABA",170.339996
2019-10-07,"BABA",168.320007
2019-10-08,"BABA",161.929993
2019-10-09,"BABA",165.190002
2019-10-10,"BABA",166.070007
2019-10-11,"BABA",172.940002
2019-10-14,"BABA",171.160004
2019-10-15,"BABA",175.289993
2019-10-16,"BABA",177.119995
2019-10-17,"BABA",176.850006
2019-10-18,"BABA",169.130005
2019-10-21,"BABA",173.520004
2019-10-22,"BABA",169.889999
2019-10-23,"BABA",169.919998
2019-10-24,"BABA",172.550003
2019-10-25,"BABA",174.309998
2019-10-28,"BABA",178.679993
2019-10-29,"BABA",176.889999
2019-10-30,"BABA",177.529999
2019-10-31,"BABA",176.669998
2019-11-01,"BABA",176.460007
2019-11-04,"BABA",179.690002
2019-11-05,"BABA",182
2019-11-06,"BABA",184.160004
2019-11-07,"BABA",186.660004
2019-11-08,"BABA",187.160004
2019-11-11,"BABA",186.710007
2019-11-12,"BABA",186.970001
2019-11-13,"BABA",182.479996
2019-11-14,"BABA",182.800003
2019-11-15,"BABA",185.490005
2019-11-18,"BABA",184.610001
2019-11-19,"BABA",185.25
2019-11-20,"BABA",182.350006
2019-11-21,"BABA",184.860001
2019-11-22,"BABA",186.779999
2019-11-25,"BABA",190.449997
2019-11-26,"BABA",194.699997
2019-11-27,"BABA",200.820007
2019-11-29,"BABA",200
2019-12-02,"BABA",196.309998
2019-12-03,"BABA",194.899994
2019-12-04,"BABA",193.740005
2019-12-05,"BABA",200
2019-12-06,"BABA",201.889999
2019-12-09,"BABA",198.740005
2019-12-10,"BABA",200.449997
2019-12-11,"BABA",204.639999
2019-12-12,"BABA",204.5
2019-12-13,"BABA",204.910004
2019-12-16,"BABA",206.970001
2019-12-17,"BABA",208.179993
2019-12-18,"BABA",210
2019-12-19,"BABA",210.130005
2019-12-20,"BABA",212.25
2019-12-23,"BABA",214.830002
2019-12-24,"BABA",214.259995
2019-12-26,"BABA",216.380005
2019-12-27,"BABA",215.470001
2019-12-30,"BABA",212.910004
2019-12-31,"BABA",212.100006
2020-01-02,"BABA",219.770004
2020-01-03,"BABA",217
2020-01-06,"BABA",216.639999
2020-01-07,"BABA",217.630005
2020-01-08,"BABA",218
2020-01-09,"BABA",221.779999
2020-01-10,"BABA",223.830002
2020-01-13,"BABA",230.479996
2020-01-14,"BABA",226.490005
2020-01-15,"BABA",225.059998
2020-01-16,"BABA",223.940002
2020-01-17,"BABA",227.429993
2020-01-21,"BABA",222.259995
2020-01-22,"BABA",222.369995
2020-01-23,"BABA",219.130005
2020-01-24,"BABA",213.75
2020-01-27,"BABA",205.470001
2020-01-28,"BABA",210.229996
2020-01-29,"BABA",212.020004
2020-01-30,"BABA",208.580002
2020-01-31,"BABA",206.589996
2020-02-03,"BABA",213.100006
2020-02-04,"BABA",222.880005
2020-02-05,"BABA",220.220001
2020-02-06,"BABA",220.899994
2020-02-07,"BABA",216.529999
2020-02-10,"BABA",215.770004
2020-02-11,"BABA",217.210007
2020-02-12,"BABA",224.309998
2020-02-13,"BABA",220.360001
2020-02-14,"BABA",219.630005
2020-02-18,"BABA",220.520004
2020-02-19,"BABA",222.139999
2020-02-20,"BABA",218.039993
2020-02-21,"BABA",212.589996
2020-02-24,"BABA",206.160004
2020-02-25,"BABA",205.610001
2020-02-26,"BABA",208.740005
2020-02-27,"BABA",205.029999
2020-02-28,"BABA",208
2020-03-02,"BABA",210.979996
2020-03-03,"BABA",207.410004
2020-03-04,"BABA",211.960007
2020-03-05,"BABA",211.460007
2020-03-06,"BABA",204.639999
2020-03-09,"BABA",197.660004
2020-03-10,"BABA",206.389999
2020-03-11,"BABA",198.910004
2020-03-12,"BABA",185.100006
2020-03-13,"BABA",194
2020-03-16,"BABA",178.850006
2020-03-17,"BABA",184.809998
2020-03-18,"BABA",180
2020-03-19,"BABA",180.880005
2020-03-20,"BABA",181.300003
2020-03-23,"BABA",176.339996
2020-03-24,"BABA",185.75
2020-03-25,"BABA",188.559998
2020-03-26,"BABA",195.320007
2020-03-27,"BABA",188.589996
2020-03-30,"BABA",191.270004
2020-03-31,"BABA",194.479996
2020-04-01,"BABA",187.559998
2020-04-02,"BABA",188.899994
2020-04-03,"BABA",187.110001
2020-04-06,"BABA",196.449997
2020-04-07,"BABA",198
2020-04-08,"BABA",195.979996
2020-04-09,"BABA",196.369995
2020-04-13,"BABA",199.440002
2020-04-14,"BABA",204.779999
2020-04-15,"BABA",208.169998
2020-04-16,"BABA",212.660004
2020-04-17,"BABA",209.5
2020-04-20,"BABA",212.130005
2020-04-21,"BABA",207.339996
2020-04-22,"BABA",209.960007
2020-04-23,"BABA",205.240005
2020-04-24,"BABA",204.360001
2020-04-27,"BABA",203.690002
2020-04-28,"BABA",201.149994
2020-04-29,"BABA",206.699997
2020-04-30,"BABA",202.669998
2020-05-01,"BABA",194.479996
2020-05-04,"BABA",191.149994
2020-05-05,"BABA",195.020004
2020-05-06,"BABA",195.169998
2020-05-07,"BABA",196.490005
2020-05-08,"BABA",201.190002
2020-05-11,"BABA",205.399994
2020-05-12,"BABA",200.309998
2020-05-13,"BABA",199.460007
2020-05-14,"BABA",201.300003
2020-05-15,"BABA",203.679993
2020-05-18,"BABA",215.279999
2020-05-19,"BABA",217.199997
2020-05-20,"BABA",216.789993
2020-05-21,"BABA",212.160004
2020-05-22,"BABA",199.699997
2020-05-26,"BABA",201.720001
2020-05-27,"BABA",201.179993
2020-05-28,"BABA",199.490005
2020-05-29,"BABA",207.389999
2020-06-01,"BABA",206.570007
2020-06-02,"BABA",214.330002
2020-06-03,"BABA",218.610001
2020-06-04,"BABA",218.039993
2020-06-05,"BABA",219.550003
2020-06-08,"BABA",219
2020-06-09,"BABA",220.720001
2020-06-10,"BABA",223.679993
2020-06-11,"BABA",215.240005
2020-06-12,"BABA",217.639999
2020-06-15,"BABA",217.029999
2020-06-16,"BABA",222.619995
2020-06-17,"BABA",224.25
2020-06-18,"BABA",223.539993
2020-06-19,"BABA",220.639999
2020-06-22,"BABA",221.410004
2020-06-23,"BABA",228.75
2020-06-24,"BABA",226.220001
2020-06-25,"BABA",222.160004
2020-06-26,"BABA",215.710007
2020-06-29,"BABA",215.020004
2020-06-30,"BABA",215.699997
2020-07-01,"BABA",215.949997
2020-07-02,"BABA",223.600006
2020-07-06,"BABA",240
2020-07-07,"BABA",236.509995
2020-07-08,"BABA",257.679993
2020-07-09,"BABA",261.579987
2020-07-10,"BABA",261.01001
2020-07-13,"BABA",251.669998
2020-07-14,"BABA",248.580002
2020-07-15,"BABA",249.210007
2020-07-16,"BABA",242.5
2020-07-17,"BABA",247.139999
2020-07-20,"BABA",254.809998
2020-07-21,"BABA",257.899994
2020-07-22,"BABA",251.699997
2020-07-23,"BABA",251.880005
2020-07-24,"BABA",249
2020-07-27,"BABA",250.860001
2020-07-28,"BABA",249.050003
2020-07-29,"BABA",252.449997
2020-07-30,"BABA",252.740005
2020-07-31,"BABA",251.020004
2020-08-03,"BABA",257.940002
2020-08-04,"BABA",262.200012
2020-08-05,"BABA",264.910004
2020-08-06,"BABA",265.679993
2020-08-07,"BABA",252.100006
2020-08-10,"BABA",248.130005
2020-08-11,"BABA",248.419998
2020-08-12,"BABA",255.190002
2020-08-13,"BABA",253.720001
2020-08-14,"BABA",253.970001
2020-08-17,"BABA",256.959991
2020-08-18,"BABA",259.200012
2020-08-19,"BABA",260.589996
2020-08-20,"BABA",257.970001
2020-08-21,"BABA",265.799988
2020-08-24,"BABA",276.019989
2020-08-25,"BABA",286
2020-08-26,"BABA",291.959991
2020-08-27,"BABA",284.170013
2020-08-28,"BABA",289
2020-08-31,"BABA",287.029999
2020-09-01,"BABA",298
2020-09-02,"BABA",296.070007
2020-09-03,"BABA",282.5
2020-09-04,"BABA",281.390015
2020-09-08,"BABA",270.019989
2020-09-09,"BABA",273.149994
2020-09-10,"BABA",267.549988
2020-09-11,"BABA",271.609985
2020-09-14,"BABA",274.100006
2020-09-15,"BABA",277.959991
2020-09-16,"BABA",278.140015
2020-09-17,"BABA",275.720001
2020-09-18,"BABA",272.410004
2020-09-21,"BABA",273.820007
2020-09-22,"BABA",275.290009
2020-09-23,"BABA",272.950012
2020-09-24,"BABA",269.730011
2020-09-25,"BABA",271.089996
2020-09-28,"BABA",276.01001
2020-09-29,"BABA",276.929993
2020-09-30,"BABA",293.980011
2020-10-01,"BABA",290.049988
2020-10-02,"BABA",288.170013
2020-10-05,"BABA",288.269989
2020-10-06,"BABA",292.390015
2020-10-07,"BABA",296.5
2020-10-08,"BABA",300.540009
2020-10-09,"BABA",299.73999
2020-10-12,"BABA",306.339996
2020-10-13,"BABA",308.779999
2020-10-14,"BABA",301.040009
2020-10-15,"BABA",299.459991
2020-10-16,"BABA",307.309998
2020-10-19,"BABA",305.290009
2020-10-20,"BABA",309.809998
2020-10-21,"BABA",307.970001
2020-10-22,"BABA",306.279999
2020-10-23,"BABA",309.920013
2020-10-26,"BABA",306.869995
2020-10-27,"BABA",317.140015
2020-10-28,"BABA",307.940002
2020-10-29,"BABA",312.559998
2020-10-30,"BABA",304.690002
2020-11-02,"BABA",310.839996
2020-11-03,"BABA",285.570007
2020-11-04,"BABA",295.709991
2020-11-05,"BABA",287.75
2020-11-06,"BABA",299.950012
2020-11-09,"BABA",290.529999
2020-11-10,"BABA",266.540009
2020-11-11,"BABA",265.649994
2020-11-12,"BABA",264.309998
2020-11-13,"BABA",260.839996
2020-11-16,"BABA",258.309998
2020-11-17,"BABA",256.799988
2020-11-18,"BABA",255.830002
2020-11-19,"BABA",259.890015
2020-11-20,"BABA",270.73999
2020-11-23,"BABA",270.109985
2020-11-24,"BABA",279.959991
2020-11-25,"BABA",277.720001
2020-11-27,"BABA",276.480011
2020-11-30,"BABA",263.359985
2020-12-01,"BABA",264.01001
2020-12-02,"BABA",261.320007
2020-12-03,"BABA",266.910004
2020-12-04,"BABA",267.25
2020-12-07,"BABA",264
2020-12-08,"BABA",266.089996
2020-12-09,"BABA",263.799988
2020-12-10,"BABA",264.869995
2020-12-11,"BABA",264.540009
2020-12-14,"BABA",256.029999
2020-12-15,"BABA",255.110001
2020-12-16,"BABA",261.890015
2020-12-17,"BABA",264.429993
2020-12-18,"BABA",260
2020-12-21,"BABA",260.429993
2020-12-22,"BABA",255.830002
2020-12-23,"BABA",256.179993
2020-12-24,"BABA",222
2020-12-28,"BABA",222.360001
2020-12-29,"BABA",236.259995
2020-12-30,"BABA",238.389999
2020-12-31,"BABA",232.729996
2021-01-04,"BABA",227.850006
2021-01-05,"BABA",240.399994
2021-01-06,"BABA",227.610001
2021-01-07,"BABA",226.899994
2021-01-08,"BABA",236.190002
2021-01-11,"BABA",227.369995
2021-01-12,"BABA",225.600006
2021-01-13,"BABA",235.300003
2021-01-14,"BABA",242.979996
2021-01-15,"BABA",243.460007
2021-01-19,"BABA",251.649994
2021-01-20,"BABA",265.48999
2021-01-21,"BABA",260
2021-01-22,"BABA",258.619995
2021-01-25,"BABA",261.380005
2021-01-26,"BABA",265.920013
2021-01-27,"BABA",260.25
2021-01-28,"BABA",260.76001
2021-01-29,"BABA",253.830002
2021-02-01,"BABA",264.690002
2021-02-02,"BABA",254.5
2021-02-03,"BABA",263.429993
2021-02-04,"BABA",266.959991
2021-02-05,"BABA",265.670013
2021-02-08,"BABA",262.589996
2021-02-09,"BABA",266.48999
2021-02-10,"BABA",267.790009
2021-02-11,"BABA",268.929993
2021-02-12,"BABA",267.850006
2021-02-16,"BABA",270.700012
2021-02-17,"BABA",270.829987
2021-02-18,"BABA",264.51001
2021-02-19,"BABA",263.589996
2021-02-22,"BABA",254
2021-02-23,"BABA",252.75
2021-02-24,"BABA",250.339996
2021-02-25,"BABA",240.179993
2021-02-26,"BABA",237.759995
2021-03-01,"BABA",241.690002
2021-03-02,"BABA",234.419998
2021-03-03,"BABA",236.270004
2021-03-04,"BABA",230.5
2021-03-05,"BABA",233.889999
2021-03-08,"BABA",226.690002
2021-03-09,"BABA",238.139999
2021-03-10,"BABA",234.300003
2021-03-11,"BABA",240.800003
2021-03-12,"BABA",231.869995
2021-03-15,"BABA",230.279999
2021-03-16,"BABA",226.929993
2021-03-17,"BABA",233.339996
2021-03-18,"BABA",236.429993
2021-03-19,"BABA",239.789993
2021-03-22,"BABA",237.119995
2021-03-23,"BABA",237.669998
2021-03-24,"BABA",229.589996
2021-03-25,"BABA",222.720001
2021-03-26,"BABA",227.259995
2021-03-29,"BABA",231.860001
2021-03-30,"BABA",229.25
2021-03-31,"BABA",226.729996
2021-04-01,"BABA",224.360001
2021-04-05,"BABA",225.300003
2021-04-06,"BABA",230.570007
2021-04-07,"BABA",225.419998
2021-04-08,"BABA",228.240005
2021-04-09,"BABA",223.309998
2021-04-12,"BABA",244.009995
2021-04-13,"BABA",241.889999
2021-04-14,"BABA",239.229996
2021-04-15,"BABA",239.089996
2021-04-16,"BABA",238.690002
2021-04-19,"BABA",234.779999
2021-04-20,"BABA",229.880005
2021-04-21,"BABA",229.440002
2021-04-22,"BABA",229.350006
2021-04-23,"BABA",232.080002
2021-04-26,"BABA",232.699997
2021-04-27,"BABA",235.919998
2021-04-28,"BABA",236.720001
2021-04-29,"BABA",234.179993
2021-04-30,"BABA",230.949997
2021-05-03,"BABA",230.710007
2021-05-04,"BABA",227.899994
2021-05-05,"BABA",226.779999
2021-05-06,"BABA",226.419998
2021-05-07,"BABA",225.309998
2021-05-10,"BABA",219.529999
2021-05-11,"BABA",221.380005
2021-05-12,"BABA",219.899994
2021-05-13,"BABA",206.080002
2021-05-14,"BABA",209.509995
2021-05-17,"BABA",211.050003
2021-05-18,"BABA",213.720001
2021-05-19,"BABA",212.539993
2021-05-20,"BABA",216.990005
2021-05-21,"BABA",211.059998
2021-05-24,"BABA",210.440002
2021-05-25,"BABA",211.130005
2021-05-26,"BABA",211.779999
2021-05-27,"BABA",212.740005
2021-05-28,"BABA",213.960007
2021-06-01,"BABA",219.479996
2021-06-02,"BABA",219.589996
2021-06-03,"BABA",217.039993
2021-06-04,"BABA",219.020004
2021-06-07,"BABA",216.899994
2021-06-08,"BABA",215.820007
2021-06-09,"BABA",213.320007
2021-06-10,"BABA",213.070007
2021-06-11,"BABA",211.639999
2021-06-14,"BABA",213.940002
2021-06-15,"BABA",210.059998
2021-06-16,"BABA",209.320007
2021-06-17,"BABA",211.600006
2021-06-18,"BABA",212.300003
2021-06-21,"BABA",211.059998
2021-06-22,"BABA",211.320007
2021-06-23,"BABA",214.860001
2021-06-24,"BABA",218.380005
2021-06-25,"BABA",228.5
2021-06-28,"BABA",228.589996
2021-06-29,"BABA",229.440002
2021-06-30,"BABA",226.779999
2021-07-01,"BABA",221.869995
2021-07-02,"BABA",217.75
2021-07-06,"BABA",211.600006
2021-07-07,"BABA",208
2021-07-08,"BABA",199.850006
2021-07-09,"BABA",205.940002
2021-07-12,"BABA",205.479996
2021-07-13,"BABA",209.509995
2021-07-14,"BABA",211.5
2021-07-15,"BABA",214.759995
2021-07-16,"BABA",212.100006
2021-07-19,"BABA",208.910004
2021-07-20,"BABA",210.589996
2021-07-21,"BABA",211.080002
2021-07-22,"BABA",214.039993
2021-07-23,"BABA",206.529999
2021-07-26,"BABA",191.759995
2021-07-27,"BABA",186.070007
2021-07-28,"BABA",196.009995
2021-07-29,"BABA",197.539993
2021-07-30,"BABA",195.190002
2021-08-02,"BABA",200.089996
2021-08-03,"BABA",197.380005
2021-08-04,"BABA",200.710007
2021-08-05,"BABA",199.279999
2021-08-06,"BABA",196.389999
2021-08-09,"BABA",195.25
2021-08-10,"BABA",195.729996
2021-08-11,"BABA",194.860001
2021-08-12,"BABA",191.660004
2021-08-13,"BABA",188.619995
2019-11-26,"9988.HK",187.600006
2019-11-27,"9988.HK",193.199997
2019-11-28,"9988.HK",204
2019-11-29,"9988.HK",198.399994
2019-12-02,"9988.HK",195.5
2019-12-03,"9988.HK",192.600006
2019-12-04,"9988.HK",189
2019-12-05,"9988.HK",192.399994
2019-12-06,"9988.HK",197.5
2019-12-09,"9988.HK",196.600006
2019-12-10,"9988.HK",195.399994
2019-12-11,"9988.HK",197.600006
2019-12-12,"9988.HK",200.199997
2019-12-13,"9988.HK",202
2019-12-16,"9988.HK",201
2019-12-17,"9988.HK",203.800003
2019-12-18,"9988.HK",202.600006
2019-12-19,"9988.HK",204.800003
2019-12-20,"9988.HK",207
2019-12-23,"9988.HK",208.399994
2019-12-24,"9988.HK",210.399994
2019-12-27,"9988.HK",212.800003
2019-12-30,"9988.HK",210.600006
2019-12-31,"9988.HK",207.199997
2020-01-02,"9988.HK",210
2020-01-03,"9988.HK",212
2020-01-06,"9988.HK",211
2020-01-07,"9988.HK",212.600006
2020-01-08,"9988.HK",210.800003
2020-01-09,"9988.HK",215.600006
2020-01-10,"9988.HK",218
2020-01-13,"9988.HK",222.800003
2020-01-14,"9988.HK",223.600006
2020-01-15,"9988.HK",220.800003
2020-01-16,"9988.HK",219.399994
2020-01-17,"9988.HK",220.399994
2020-01-20,"9988.HK",220.199997
2020-01-21,"9988.HK",215.800003
2020-01-22,"9988.HK",218.399994
2020-01-23,"9988.HK",213.399994
2020-01-24,"9988.HK",214.600006
2020-01-29,"9988.HK",207.399994
2020-01-30,"9988.HK",201.800003
2020-01-31,"9988.HK",200.399994
2020-02-03,"9988.HK",205
2020-02-04,"9988.HK",213.199997
2020-02-05,"9988.HK",215.600006
2020-02-06,"9988.HK",217.399994
2020-02-07,"9988.HK",215.399994
2020-02-10,"9988.HK",212.600006
2020-02-11,"9988.HK",212.199997
2020-02-12,"9988.HK",215
2020-02-13,"9988.HK",217.199997
2020-02-14,"9988.HK",215
2020-02-17,"9988.HK",217.399994
2020-02-18,"9988.HK",214
2020-02-19,"9988.HK",214
2020-02-20,"9988.HK",215.600006
2020-02-21,"9988.HK",212.600006
2020-02-24,"9988.HK",205.199997
2020-02-25,"9988.HK",206.600006
2020-02-26,"9988.HK",203
2020-02-27,"9988.HK",205.199997
2020-02-28,"9988.HK",200
2020-03-02,"9988.HK",204.600006
2020-03-03,"9988.HK",203.199997
2020-03-04,"9988.HK",202.199997
2020-03-05,"9988.HK",207.199997
2020-03-06,"9988.HK",203.800003
2020-03-09,"9988.HK",193.5
2020-03-10,"9988.HK",199.300003
2020-03-11,"9988.HK",197
2020-03-12,"9988.HK",188.800003
2020-03-13,"9988.HK",191.699997
2020-03-16,"9988.HK",179.300003
2020-03-17,"9988.HK",183.199997
2020-03-18,"9988.HK",173
2020-03-19,"9988.HK",174
2020-03-20,"9988.HK",183
2020-03-23,"9988.HK",170
2020-03-24,"9988.HK",174.5
2020-03-25,"9988.HK",179.699997
2020-03-26,"9988.HK",180.899994
2020-03-27,"9988.HK",183.899994
2020-03-30,"9988.HK",180.300003
2020-03-31,"9988.HK",183.399994
2020-04-01,"9988.HK",184
2020-04-02,"9988.HK",186
2020-04-03,"9988.HK",183.699997
2020-04-06,"9988.HK",188.600006
2020-04-07,"9988.HK",191.5
2020-04-08,"9988.HK",190.100006
2020-04-09,"9988.HK",191.699997
2020-04-14,"9988.HK",197
2020-04-15,"9988.HK",197.899994
2020-04-16,"9988.HK",202.800003
2020-04-17,"9988.HK",207.600006
2020-04-20,"9988.HK",205.800003
2020-04-21,"9988.HK",204.199997
2020-04-22,"9988.HK",205.600006
2020-04-23,"9988.HK",204.399994
2020-04-24,"9988.HK",198
2020-04-27,"9988.HK",200.600006
2020-04-28,"9988.HK",199
2020-04-29,"9988.HK",197
2020-05-04,"9988.HK",189.699997
2020-05-05,"9988.HK",188.5
2020-05-06,"9988.HK",193.600006
2020-05-07,"9988.HK",190.5
2020-05-08,"9988.HK",193.399994
2020-05-11,"9988.HK",198.699997
2020-05-12,"9988.HK",199.699997
2020-05-13,"9988.HK",196.300003
2020-05-14,"9988.HK",194.5
2020-05-15,"9988.HK",196.899994
2020-05-18,"9988.HK",203
2020-05-19,"9988.HK",209.800003
2020-05-20,"9988.HK",211
2020-05-21,"9988.HK",206.199997
2020-05-22,"9988.HK",198.199997
2020-05-25,"9988.HK",198.199997
2020-05-26,"9988.HK",201
2020-05-27,"9988.HK",197.300003
2020-05-28,"9988.HK",193.5
2020-05-29,"9988.HK",194.300003
2020-06-01,"9988.HK",202.800003
2020-06-02,"9988.HK",200
2020-06-03,"9988.HK",209.600006
2020-06-04,"9988.HK",211
2020-06-05,"9988.HK",212.199997
2020-06-08,"9988.HK",212.399994
2020-06-09,"9988.HK",212.399994
2020-06-10,"9988.HK",215.600006
2020-06-11,"9988.HK",213
2020-06-12,"9988.HK",212
2020-06-15,"9988.HK",206.800003
2020-06-16,"9988.HK",213.199997
2020-06-17,"9988.HK",217.800003
2020-06-18,"9988.HK",217.800003
2020-06-19,"9988.HK",219
2020-06-22,"9988.HK",213
2020-06-23,"9988.HK",220
2020-06-24,"9988.HK",221.399994
2020-06-26,"9988.HK",214.600006
2020-06-29,"9988.HK",209.399994
2020-06-30,"9988.HK",209.600006
2020-07-02,"9988.HK",214.399994
2020-07-03,"9988.HK",220.800003
2020-07-06,"9988.HK",225.399994
2020-07-07,"9988.HK",232.399994
2020-07-08,"9988.HK",237.800003
2020-07-09,"9988.HK",261.600006
2020-07-10,"9988.HK",255.399994
2020-07-13,"9988.HK",254.399994
2020-07-14,"9988.HK",240.399994
2020-07-15,"9988.HK",243.399994
2020-07-16,"9988.HK",233.199997
2020-07-17,"9988.HK",238.800003
2020-07-20,"9988.HK",239.600006
2020-07-21,"9988.HK",257
2020-07-22,"9988.HK",248
2020-07-23,"9988.HK",246.600006
2020-07-24,"9988.HK",239
2020-07-27,"9988.HK",239
2020-07-28,"9988.HK",244.600006
2020-07-29,"9988.HK",243
2020-07-30,"9988.HK",244.800003
2020-07-31,"9988.HK",246
2020-08-03,"9988.HK",245.600006
2020-08-04,"9988.HK",253.800003
2020-08-05,"9988.HK",255.800003
2020-08-06,"9988.HK",257
2020-08-07,"9988.HK",249.199997
2020-08-10,"9988.HK",242.399994
2020-08-11,"9988.HK",244
2020-08-12,"9988.HK",243.399994
2020-08-13,"9988.HK",248.199997
2020-08-14,"9988.HK",246.800003
2020-08-17,"9988.HK",242.800003
2020-08-18,"9988.HK",252
2020-08-19,"9988.HK",255.399994
2020-08-20,"9988.HK",255
2020-08-21,"9988.HK",252.800003
2020-08-24,"9988.HK",264.399994
2020-08-25,"9988.HK",269.200012
2020-08-26,"9988.HK",280.399994
2020-08-27,"9988.HK",280.600006
2020-08-28,"9988.HK",277
2020-08-31,"9988.HK",282.799988
2020-09-01,"9988.HK",282.799988
2020-09-02,"9988.HK",291.200012
2020-09-03,"9988.HK",284.200012
2020-09-04,"9988.HK",274
2020-09-07,"9988.HK",265.600006
2020-09-08,"9988.HK",269.600006
2020-09-09,"9988.HK",263.200012
2020-09-10,"9988.HK",262.600006
2020-09-11,"9988.HK",266
2020-09-14,"9988.HK",268.200012
2020-09-15,"9988.HK",267.399994
2020-09-16,"9988.HK",273
2020-09-17,"9988.HK",267.799988
2020-09-18,"9988.HK",269.600006
2020-09-21,"9988.HK",262
2020-09-22,"9988.HK",264.799988
2020-09-23,"9988.HK",267
2020-09-24,"9988.HK",261
2020-09-25,"9988.HK",258
2020-09-28,"9988.HK",263.399994
2020-09-29,"9988.HK",265.399994
2020-09-30,"9988.HK",275.600006
2020-10-05,"9988.HK",282
2020-10-06,"9988.HK",280
2020-10-07,"9988.HK",288.200012
2020-10-08,"9988.HK",289.600006
2020-10-09,"9988.HK",286.200012
2020-10-12,"9988.HK",292
2020-10-14,"9988.HK",297.600006
2020-10-15,"9988.HK",284.799988
2020-10-16,"9988.HK",294
2020-10-19,"9988.HK",297.200012
2020-10-20,"9988.HK",299.399994
2020-10-21,"9988.HK",300.200012
2020-10-22,"9988.HK",300
2020-10-23,"9988.HK",298
2020-10-27,"9988.HK",300
2020-10-28,"9988.HK",307.399994
2020-10-29,"9988.HK",302.600006
2020-10-30,"9988.HK",293.200012
2020-11-02,"9988.HK",297.799988
2020-11-03,"9988.HK",299.799988
2020-11-04,"9988.HK",277.200012
2020-11-05,"9988.HK",294.600006
2020-11-06,"9988.HK",282
2020-11-09,"9988.HK",290.200012
2020-11-10,"9988.HK",275.399994
2020-11-11,"9988.HK",248.399994
2020-11-12,"9988.HK",253
2020-11-13,"9988.HK",257
2020-11-16,"9988.HK",254
2020-11-17,"9988.HK",249.800003
2020-11-18,"9988.HK",250
2020-11-19,"9988.HK",245.199997
2020-11-20,"9988.HK",253
2020-11-23,"9988.HK",264
2020-11-24,"9988.HK",270
2020-11-25,"9988.HK",267
2020-11-26,"9988.HK",269
2020-11-27,"9988.HK",269.600006
2020-11-30,"9988.HK",261.399994
2020-12-01,"9988.HK",257.200012
2020-12-02,"9988.HK",255.199997
2020-12-03,"9988.HK",257.399994
2020-12-04,"9988.HK",264
2020-12-07,"9988.HK",258
2020-12-08,"9988.HK",258
2020-12-09,"9988.HK",260.799988
2020-12-10,"9988.HK",255.399994
2020-12-11,"9988.HK",258.399994
2020-12-14,"9988.HK",251.600006
2020-12-15,"9988.HK",246
2020-12-16,"9988.HK",251
2020-12-17,"9988.HK",258
2020-12-18,"9988.HK",255.600006
2020-12-21,"9988.HK",250
2020-12-22,"9988.HK",248.800003
2020-12-23,"9988.HK",248.399994
2020-12-24,"9988.HK",228.600006
2020-12-28,"9988.HK",210
2020-12-29,"9988.HK",222
2020-12-30,"9988.HK",236.199997
2020-12-31,"9988.HK",232.199997
2021-01-04,"9988.HK",227.600006
2021-01-05,"9988.HK",223
2021-01-06,"9988.HK",230
2021-01-07,"9988.HK",221
2021-01-08,"9988.HK",224.199997
2021-01-11,"9988.HK",221
2021-01-12,"9988.HK",220
2021-01-13,"9988.HK",223.800003
2021-01-14,"9988.HK",235
2021-01-15,"9988.HK",241
2021-01-18,"9988.HK",242
2021-01-19,"9988.HK",244.199997
2021-01-20,"9988.HK",265
2021-01-21,"9988.HK",258.600006
2021-01-22,"9988.HK",250.600006
2021-01-25,"9988.HK",258
2021-01-26,"9988.HK",253.399994
2021-01-27,"9988.HK",260
2021-01-28,"9988.HK",251.600006
2021-01-29,"9988.HK",246.800003
2021-02-01,"9988.HK",251.199997
2021-02-02,"9988.HK",260
2021-02-03,"9988.HK",261
2021-02-04,"9988.HK",262.200012
2021-02-05,"9988.HK",258
2021-02-08,"9988.HK",256.399994
2021-02-09,"9988.HK",255.399994
2021-02-10,"9988.HK",262
2021-02-11,"9988.HK",261
2021-02-16,"9988.HK",264.200012
2021-02-17,"9988.HK",267
2021-02-18,"9988.HK",260.399994
2021-02-19,"9988.HK",257
2021-02-22,"9988.HK",250.600006
2021-02-23,"9988.HK",247.600006
2021-02-24,"9988.HK",242.800003
2021-02-25,"9988.HK",243.399994
2021-02-26,"9988.HK",232.399994
2021-03-01,"9988.HK",234.600006
2021-03-02,"9988.HK",229.399994
2021-03-03,"9988.HK",232.399994
2021-03-04,"9988.HK",227.199997
2021-03-05,"9988.HK",227
2021-03-08,"9988.HK",220.600006
2021-03-09,"9988.HK",224
2021-03-10,"9988.HK",228.399994
2021-03-11,"9988.HK",227.600006
2021-03-12,"9988.HK",226
2021-03-15,"9988.HK",221.399994
2021-03-16,"9988.HK",221.399994
2021-03-17,"9988.HK",222.600006
2021-03-18,"9988.HK",233.600006
2021-03-19,"9988.HK",234.600006
2021-03-22,"9988.HK",231.199997
2021-03-23,"9988.HK",230
2021-03-24,"9988.HK",230
2021-03-25,"9988.HK",221
2021-03-26,"9988.HK",216
2021-03-29,"9988.HK",216.199997
2021-03-30,"9988.HK",221.600006
2021-03-31,"9988.HK",220
2021-04-01,"9988.HK",225.600006
2021-04-07,"9988.HK",222
2021-04-08,"9988.HK",223
2021-04-09,"9988.HK",218
2021-04-12,"9988.HK",232.199997
2021-04-13,"9988.HK",233.199997
2021-04-14,"9988.HK",237.800003
2021-04-15,"9988.HK",233.800003
2021-04-16,"9988.HK",235.600006
2021-04-19,"9988.HK",232
2021-04-20,"9988.HK",228.199997
2021-04-21,"9988.HK",221.800003
2021-04-22,"9988.HK",221.399994
2021-04-23,"9988.HK",224.399994
2021-04-26,"9988.HK",224.600006
2021-04-27,"9988.HK",226.399994
2021-04-28,"9988.HK",231.600006
2021-04-29,"9988.HK",231.399994
2021-04-30,"9988.HK",225
2021-05-03,"9988.HK",223.800003
2021-05-04,"9988.HK",225.199997
2021-05-05,"9988.HK",220
2021-05-06,"9988.HK",221.600006
2021-05-07,"9988.HK",219.800003
2021-05-10,"9988.HK",215.199997
2021-05-11,"9988.HK",207.600006
2021-05-12,"9988.HK",220.199997
2021-05-13,"9988.HK",213.199997
2021-05-14,"9988.HK",204.600006
2021-05-17,"9988.HK",205.399994
2021-05-18,"9988.HK",207.600006
2021-05-20,"9988.HK",206
2021-05-21,"9988.HK",208
2021-05-24,"9988.HK",205
2021-05-25,"9988.HK",206
2021-05-26,"9988.HK",207
2021-05-27,"9988.HK",208.800003
2021-05-28,"9988.HK",207.399994
2021-05-31,"9988.HK",211
2021-06-01,"9988.HK",218.199997
2021-06-02,"9988.HK",214.399994
2021-06-03,"9988.HK",210.800003
2021-06-04,"9988.HK",210.199997
2021-06-07,"9988.HK",212
2021-06-08,"9988.HK",210.199997
2021-06-09,"9988.HK",208
2021-06-10,"9988.HK",207.600006
2021-06-11,"9988.HK",205.199997
2021-06-15,"9988.HK",206.399994
2021-06-16,"9988.HK",203.399994
2021-06-17,"9988.HK",203.800003
2021-06-18,"9988.HK",207
2021-06-21,"9988.HK",205.399994
2021-06-22,"9988.HK",203
2021-06-23,"9988.HK",207.199997
2021-06-24,"9988.HK",210.199997
2021-06-25,"9988.HK",215.600006
2021-06-28,"9988.HK",222
2021-06-29,"9988.HK",219.399994
2021-06-30,"9988.HK",220
2021-07-02,"9988.HK",212
2021-07-05,"9988.HK",206
2021-07-06,"9988.HK",209.399994
2021-07-07,"9988.HK",205.800003
2021-07-08,"9988.HK",197.300003
2021-07-09,"9988.HK",195.5
2021-07-12,"9988.HK",197.399994
2021-07-13,"9988.HK",205.199997
2021-07-14,"9988.HK",206.399994
2021-07-15,"9988.HK",210.600006
2021-07-16,"9988.HK",209.399994
2021-07-19,"9988.HK",202.600006
2021-07-20,"9988.HK",202.800003
2021-07-21,"9988.HK",203
2021-07-22,"9988.HK",207.399994
2021-07-23,"9988.HK",205.199997
2021-07-26,"9988.HK",192.100006
2021-07-27,"9988.HK",179.899994
2021-07-28,"9988.HK",183.199997
2021-07-29,"9988.HK",197.300003
2021-07-30,"9988.HK",189
2021-08-02,"9988.HK",191.899994
2021-08-03,"9988.HK",193.5
2021-08-04,"9988.HK",192.300003
2021-08-05,"9988.HK",192.5
2021-08-06,"9988.HK",193.5
2021-08-09,"9988.HK",188.699997
2021-08-10,"9988.HK",192.899994
2021-08-11,"9988.HK",191.199997
2021-08-12,"9988.HK",188.699997
2021-08-13,"9988.HK",184
2018-01-01,"HKD=X",7.8136
2018-01-02,"HKD=X",7.8136
2018-01-03,"HKD=X",7.8163
2018-01-04,"HKD=X",7.8169
2018-01-05,"HKD=X",7.8176
2018-01-08,"HKD=X",7.81931
2018-01-09,"HKD=X",7.8215
2018-01-10,"HKD=X",7.8217
2018-01-11,"HKD=X",7.8221
2018-01-12,"HKD=X",7.8235
2018-01-15,"HKD=X",7.82216
2018-01-16,"HKD=X",7.82365
2018-01-17,"HKD=X",7.8235
2018-01-18,"HKD=X",7.81765
2018-01-19,"HKD=X",7.8174
2018-01-22,"HKD=X",7.81639
2018-01-23,"HKD=X",7.81825
2018-01-24,"HKD=X",7.81853
2018-01-25,"HKD=X",7.8176
2018-01-26,"HKD=X",7.8175
2018-01-29,"HKD=X",7.81734
2018-01-30,"HKD=X",7.8175
2018-01-31,"HKD=X",7.82057
2018-02-01,"HKD=X",7.8212
2018-02-02,"HKD=X",7.8198
2018-02-05,"HKD=X",7.8208
2018-02-06,"HKD=X",7.8195
2018-02-07,"HKD=X",7.81831
2018-02-08,"HKD=X",7.818
2018-02-09,"HKD=X",7.8198
2018-02-12,"HKD=X",7.81779
2018-02-13,"HKD=X",7.8194
2018-02-14,"HKD=X",7.8211
2018-02-15,"HKD=X",7.8218
2018-02-16,"HKD=X",7.82
2018-02-19,"HKD=X",7.8216
2018-02-20,"HKD=X",7.8218
2018-02-21,"HKD=X",7.824
2018-02-22,"HKD=X",7.8252
2018-02-23,"HKD=X",7.8244
2018-02-26,"HKD=X",7.82312
2018-02-27,"HKD=X",7.82296
2018-02-28,"HKD=X",7.8275
2018-03-01,"HKD=X",7.82581
2018-03-02,"HKD=X",7.827
2018-03-05,"HKD=X",7.8311
2018-03-06,"HKD=X",7.8322
2018-03-07,"HKD=X",7.8339
2018-03-08,"HKD=X",7.8343
2018-03-09,"HKD=X",7.8397
2018-03-12,"HKD=X",7.8368
2018-03-13,"HKD=X",7.8396
2018-03-14,"HKD=X",7.8394
2018-03-15,"HKD=X",7.8402
2018-03-16,"HKD=X",7.8417
2018-03-19,"HKD=X",7.8432
2018-03-20,"HKD=X",7.8427
2018-03-21,"HKD=X",7.8448
2018-03-22,"HKD=X",7.8447
2018-03-23,"HKD=X",7.8482
2018-03-26,"HKD=X",7.8459
2018-03-27,"HKD=X",7.8464
2018-03-28,"HKD=X",7.8465
2018-03-29,"HKD=X",7.8465
2018-03-30,"HKD=X",7.8484
2018-04-02,"HKD=X",7.8487
2018-04-03,"HKD=X",7.84838
2018-04-04,"HKD=X",7.8485
2018-04-05,"HKD=X",7.8507
2018-04-06,"HKD=X",7.8488
2018-04-09,"HKD=X",7.84816
2018-04-10,"HKD=X",7.849
2018-04-11,"HKD=X",7.8492
2018-04-12,"HKD=X",7.8498
2018-04-13,"HKD=X",7.84956
2018-04-16,"HKD=X",7.8497
2018-04-17,"HKD=X",7.8497
2018-04-18,"HKD=X",7.8497
2018-04-19,"HKD=X",7.8491
2018-04-20,"HKD=X",7.8479
2018-04-23,"HKD=X",7.84436
2018-04-24,"HKD=X",7.8426
2018-04-25,"HKD=X",7.8478
2018-04-26,"HKD=X",7.84713
2018-04-27,"HKD=X",7.84603
2018-04-30,"HKD=X",7.848
2018-05-01,"HKD=X",7.8483
2018-05-02,"HKD=X",7.8491
2018-05-03,"HKD=X",7.8494
2018-05-04,"HKD=X",7.84923
2018-05-07,"HKD=X",7.8491
2018-05-08,"HKD=X",7.8504
2018-05-09,"HKD=X",7.8507
2018-05-10,"HKD=X",7.8494
2018-05-11,"HKD=X",7.8495
2018-05-14,"HKD=X",7.8495
2018-05-15,"HKD=X",7.8496
2018-05-16,"HKD=X",7.8497
2018-05-17,"HKD=X",7.8495
2018-05-18,"HKD=X",7.8505
2018-05-21,"HKD=X",7.8497
2018-05-22,"HKD=X",7.8477
2018-05-23,"HKD=X",7.8497
2018-05-24,"HKD=X",7.8478
2018-05-25,"HKD=X",7.8475
2018-05-28,"HKD=X",7.84435
2018-05-29,"HKD=X",7.84483
2018-05-30,"HKD=X",7.8456
2018-05-31,"HKD=X",7.84662
2018-06-01,"HKD=X",7.8459
2018-06-04,"HKD=X",7.8453
2018-06-05,"HKD=X",7.846
2018-06-06,"HKD=X",7.84728
2018-06-07,"HKD=X",7.847
2018-06-08,"HKD=X",7.8462
2018-06-11,"HKD=X",7.84591
2018-06-12,"HKD=X",7.8461
2018-06-13,"HKD=X",7.8468
2018-06-14,"HKD=X",7.8482
2018-06-15,"HKD=X",7.8495
2018-06-18,"HKD=X",7.8492
2018-06-19,"HKD=X",7.84933
2018-06-20,"HKD=X",7.8495
2018-06-21,"HKD=X",7.846
2018-06-22,"HKD=X",7.84543
2018-06-25,"HKD=X",7.8462
2018-06-26,"HKD=X",7.8467
2018-06-27,"HKD=X",7.8489
2018-06-28,"HKD=X",7.8479
2018-06-29,"HKD=X",7.8482
2018-07-02,"HKD=X",7.847
2018-07-03,"HKD=X",7.8446
2018-07-04,"HKD=X",7.8447
2018-07-05,"HKD=X",7.84291
2018-07-06,"HKD=X",7.84716
2018-07-09,"HKD=X",7.848
2018-07-10,"HKD=X",7.84801
2018-07-11,"HKD=X",7.8484
2018-07-12,"HKD=X",7.8484
2018-07-13,"HKD=X",7.84866
2018-07-16,"HKD=X",7.8483
2018-07-17,"HKD=X",7.84861
2018-07-18,"HKD=X",7.8486
2018-07-19,"HKD=X",7.84898
2018-07-20,"HKD=X",7.8493
2018-07-23,"HKD=X",7.849
2018-07-24,"HKD=X",7.8481
2018-07-25,"HKD=X",7.8461
2018-07-26,"HKD=X",7.8452
2018-07-27,"HKD=X",7.8475
2018-07-30,"HKD=X",7.84786
2018-07-31,"HKD=X",7.84794
2018-08-01,"HKD=X",7.8488
2018-08-02,"HKD=X",7.848
2018-08-03,"HKD=X",7.84944
2018-08-06,"HKD=X",7.8488
2018-08-07,"HKD=X",7.8489
2018-08-08,"HKD=X",7.8495
2018-08-09,"HKD=X",7.8491
2018-08-10,"HKD=X",7.84967
2018-08-13,"HKD=X",7.8493
2018-08-14,"HKD=X",7.8496
2018-08-15,"HKD=X",7.8498
2018-08-16,"HKD=X",7.84937
2018-08-17,"HKD=X",7.84947
2018-08-20,"HKD=X",7.8494
2018-08-21,"HKD=X",7.8494
2018-08-22,"HKD=X",7.8493
2018-08-23,"HKD=X",7.8493
2018-08-24,"HKD=X",7.8497
2018-08-27,"HKD=X",7.8497
2018-08-28,"HKD=X",7.84956
2018-08-29,"HKD=X",7.8504
2018-08-30,"HKD=X",7.8483
2018-08-31,"HKD=X",7.8491
2018-09-03,"HKD=X",7.8489
2018-09-04,"HKD=X",7.8494
2018-09-05,"HKD=X",7.8496
2018-09-06,"HKD=X",7.84844
2018-09-07,"HKD=X",7.8493
2018-09-10,"HKD=X",7.8496
2018-09-11,"HKD=X",7.8495
2018-09-12,"HKD=X",7.8503
2018-09-13,"HKD=X",7.8483
2018-09-14,"HKD=X",7.8479
2018-09-17,"HKD=X",7.84657
2018-09-18,"HKD=X",7.845
2018-09-19,"HKD=X",7.8436
2018-09-20,"HKD=X",7.8456
2018-09-21,"HKD=X",7.84215
2018-09-24,"HKD=X",7.80952
2018-09-25,"HKD=X",7.8115
2018-09-26,"HKD=X",7.8099
2018-09-27,"HKD=X",7.81128
2018-09-28,"HKD=X",7.81546
2018-10-01,"HKD=X",7.8282
2018-10-02,"HKD=X",7.8288
2018-10-03,"HKD=X",7.835
2018-10-04,"HKD=X",7.8379
2018-10-05,"HKD=X",7.8346
2018-10-08,"HKD=X",7.83494
2018-10-09,"HKD=X",7.82779
2018-10-10,"HKD=X",7.8337
2018-10-11,"HKD=X",7.8374
2018-10-12,"HKD=X",7.8346
2018-10-15,"HKD=X",7.8346
2018-10-16,"HKD=X",7.835
2018-10-17,"HKD=X",7.8376
2018-10-18,"HKD=X",7.839
2018-10-19,"HKD=X",7.8382
2018-10-22,"HKD=X",7.8406
2018-10-23,"HKD=X",7.8398
2018-10-24,"HKD=X",7.83886
2018-10-25,"HKD=X",7.8406
2018-10-26,"HKD=X",7.84
2018-10-29,"HKD=X",7.8401
2018-10-30,"HKD=X",7.8434
2018-10-31,"HKD=X",7.8444
2018-11-01,"HKD=X",7.84228
2018-11-02,"HKD=X",7.8342
2018-11-05,"HKD=X",7.82166
2018-11-06,"HKD=X",7.8322
2018-11-07,"HKD=X",7.8326
2018-11-08,"HKD=X",7.8288
2018-11-09,"HKD=X",7.8282
2018-11-12,"HKD=X",7.8311
2018-11-13,"HKD=X",7.8368
2018-11-14,"HKD=X",7.8308
2018-11-15,"HKD=X",7.8307
2018-11-16,"HKD=X",7.83058
2018-11-19,"HKD=X",7.82995
2018-11-20,"HKD=X",7.83146
2018-11-21,"HKD=X",7.83115
2018-11-22,"HKD=X",7.832
2018-11-23,"HKD=X",7.8302
2018-11-26,"HKD=X",7.8263
2018-11-27,"HKD=X",7.8218
2018-11-28,"HKD=X",7.8263
2018-11-29,"HKD=X",7.82475
2018-11-30,"HKD=X",7.8216
2018-12-03,"HKD=X",7.8223
2018-12-04,"HKD=X",7.8165
2018-12-05,"HKD=X",7.80337
2018-12-06,"HKD=X",7.8141
2018-12-07,"HKD=X",7.8103
2018-12-10,"HKD=X",7.816
2018-12-11,"HKD=X",7.8137
2018-12-12,"HKD=X",7.81634
2018-12-13,"HKD=X",7.8146
2018-12-14,"HKD=X",7.8126
2018-12-17,"HKD=X",7.8131
2018-12-18,"HKD=X",7.813
2018-12-19,"HKD=X",7.8198
2018-12-20,"HKD=X",7.82595
2018-12-21,"HKD=X",7.82848
2018-12-24,"HKD=X",7.83335
2018-12-25,"HKD=X",7.8346
2018-12-26,"HKD=X",7.8334
2018-12-27,"HKD=X",7.8287
2018-12-28,"HKD=X",7.831
2018-12-31,"HKD=X",7.8309
2019-01-01,"HKD=X",7.832
2019-01-02,"HKD=X",7.83332
2019-01-03,"HKD=X",7.8354
2019-01-04,"HKD=X",7.8309
2019-01-07,"HKD=X",7.8326
2019-01-08,"HKD=X",7.8353
2019-01-09,"HKD=X",7.8391
2019-01-10,"HKD=X",7.8373
2019-01-11,"HKD=X",7.8382
2019-01-14,"HKD=X",7.83922
2019-01-15,"HKD=X",7.8424
2019-01-16,"HKD=X",7.8436
2019-01-17,"HKD=X",7.8427
2019-01-18,"HKD=X",7.843
2019-01-21,"HKD=X",7.8442
2019-01-22,"HKD=X",7.8454
2019-01-23,"HKD=X",7.84593
2019-01-24,"HKD=X",7.84515
2019-01-25,"HKD=X",7.8462
2019-01-28,"HKD=X",7.8451
2019-01-29,"HKD=X",7.8456
2019-01-30,"HKD=X",7.8459
2019-01-31,"HKD=X",7.8426
2019-02-01,"HKD=X",7.8461
2019-02-04,"HKD=X",7.8453
2019-02-05,"HKD=X",7.84544
2019-02-06,"HKD=X",7.8452
2019-02-07,"HKD=X",7.8462
2019-02-08,"HKD=X",7.8469
2019-02-11,"HKD=X",7.8466
2019-02-12,"HKD=X",7.8471
2019-02-13,"HKD=X",7.84802
2019-02-14,"HKD=X",7.8492
2019-02-15,"HKD=X",7.8471
2019-02-18,"HKD=X",7.8477
2019-02-19,"HKD=X",7.8474
2019-02-20,"HKD=X",7.8495
2019-02-21,"HKD=X",7.8484
2019-02-22,"HKD=X",7.8472
2019-02-25,"HKD=X",7.8475
2019-02-26,"HKD=X",7.8485
2019-02-27,"HKD=X",7.8488
2019-02-28,"HKD=X",7.8489
2019-03-01,"HKD=X",7.8497
2019-03-04,"HKD=X",7.8485
2019-03-05,"HKD=X",7.8497
2019-03-06,"HKD=X",7.8506
2019-03-07,"HKD=X",7.8494
2019-03-08,"HKD=X",7.8498
2019-03-11,"HKD=X",7.8497
2019-03-12,"HKD=X",7.8495
2019-03-13,"HKD=X",7.84962
2019-03-14,"HKD=X",7.8496
2019-03-15,"HKD=X",7.8496
2019-03-18,"HKD=X",7.8495
2019-03-19,"HKD=X",7.84952
2019-03-20,"HKD=X",7.8512
2019-03-21,"HKD=X",7.8489
2019-03-22,"HKD=X",7.8474
2019-03-25,"HKD=X",7.8472
2019-03-26,"HKD=X",7.8475
2019-03-27,"HKD=X",7.8489
2019-03-28,"HKD=X",7.8495
2019-03-29,"HKD=X",7.8496
2019-04-01,"HKD=X",7.8496
2019-04-02,"HKD=X",7.8502
2019-04-03,"HKD=X",7.8488
2019-04-04,"HKD=X",7.8493
2019-04-05,"HKD=X",7.8495
2019-04-08,"HKD=X",7.8492
2019-04-09,"HKD=X",7.84715
2019-04-10,"HKD=X",7.84151
2019-04-11,"HKD=X",7.83613
2019-04-12,"HKD=X",7.8431
2019-04-15,"HKD=X",7.84191
2019-04-16,"HKD=X",7.84023
2019-04-17,"HKD=X",7.8434
2019-04-18,"HKD=X",7.84459
2019-04-19,"HKD=X",7.8452
2019-04-22,"HKD=X",7.84309
2019-04-23,"HKD=X",7.8466
2019-04-24,"HKD=X",7.84254
2019-04-25,"HKD=X",7.8427
2019-04-26,"HKD=X",7.8436
2019-04-29,"HKD=X",7.84284
2019-04-30,"HKD=X",7.8441
2019-05-01,"HKD=X",7.8455
2019-05-02,"HKD=X",7.8448
2019-05-03,"HKD=X",7.8428
2019-05-06,"HKD=X",7.84434
2019-05-07,"HKD=X",7.8464
2019-05-08,"HKD=X",7.8484
2019-05-09,"HKD=X",7.8481
2019-05-10,"HKD=X",7.848
2019-05-13,"HKD=X",7.8482
2019-05-14,"HKD=X",7.8489
2019-05-15,"HKD=X",7.8492
2019-05-16,"HKD=X",7.84867
2019-05-17,"HKD=X",7.8492
2019-05-20,"HKD=X",7.8492
2019-05-21,"HKD=X",7.84935
2019-05-22,"HKD=X",NA
2019-05-23,"HKD=X",7.849
2019-05-24,"HKD=X",7.84857
2019-05-27,"HKD=X",7.84834
2019-05-28,"HKD=X",7.8493
2019-05-29,"HKD=X",7.8492
2019-05-30,"HKD=X",7.84911
2019-05-31,"HKD=X",7.848
2019-06-03,"HKD=X",7.83717
2019-06-04,"HKD=X",7.8361
2019-06-05,"HKD=X",7.8408
2019-06-06,"HKD=X",7.84048
2019-06-07,"HKD=X",7.84039
2019-06-10,"HKD=X",7.84167
2019-06-11,"HKD=X",7.8426
2019-06-12,"HKD=X",7.83604
2019-06-13,"HKD=X",7.8241
2019-06-14,"HKD=X",7.82873
2019-06-17,"HKD=X",7.8288
2019-06-18,"HKD=X",7.8334
2019-06-19,"HKD=X",7.83205
2019-06-20,"HKD=X",7.8236
2019-06-21,"HKD=X",7.8139
2019-06-24,"HKD=X",7.8132
2019-06-25,"HKD=X",7.80862
2019-06-26,"HKD=X",7.8104
2019-06-27,"HKD=X",7.8107
2019-06-28,"HKD=X",7.8154
2019-07-01,"HKD=X",7.81193
2019-07-02,"HKD=X",7.81227
2019-07-03,"HKD=X",7.79941
2019-07-04,"HKD=X",7.7969
2019-07-05,"HKD=X",7.78513
2019-07-08,"HKD=X",7.7964
2019-07-09,"HKD=X",7.7989
2019-07-10,"HKD=X",7.8088
2019-07-11,"HKD=X",7.8162
2019-07-12,"HKD=X",7.8219
2019-07-15,"HKD=X",7.82511
2019-07-16,"HKD=X",7.8267
2019-07-17,"HKD=X",7.81702
2019-07-18,"HKD=X",7.81392
2019-07-19,"HKD=X",7.81485
2019-07-22,"HKD=X",7.8077
2019-07-23,"HKD=X",7.80979
2019-07-24,"HKD=X",7.81004
2019-07-25,"HKD=X",7.81335
2019-07-26,"HKD=X",7.81608
2019-07-29,"HKD=X",7.8178
2019-07-30,"HKD=X",7.82141
2019-07-31,"HKD=X",7.82311
2019-08-01,"HKD=X",7.82715
2019-08-02,"HKD=X",7.8253
2019-08-05,"HKD=X",7.83118
2019-08-06,"HKD=X",7.8436
2019-08-07,"HKD=X",7.8377
2019-08-08,"HKD=X",7.8395
2019-08-09,"HKD=X",7.8412
2019-08-12,"HKD=X",7.8418
2019-08-13,"HKD=X",7.8448
2019-08-14,"HKD=X",7.845
2019-08-15,"HKD=X",7.84516
2019-08-16,"HKD=X",7.8425
2019-08-19,"HKD=X",7.8436
2019-08-20,"HKD=X",7.8439
2019-08-21,"HKD=X",7.84165
2019-08-22,"HKD=X",7.843
2019-08-23,"HKD=X",7.8399
2019-08-26,"HKD=X",7.8429
2019-08-27,"HKD=X",7.845
2019-08-28,"HKD=X",7.8466
2019-08-29,"HKD=X",7.84314
2019-08-30,"HKD=X",7.8458
2019-09-02,"HKD=X",7.8423
2019-09-03,"HKD=X",7.842
2019-09-04,"HKD=X",7.8439
2019-09-05,"HKD=X",7.8407
2019-09-06,"HKD=X",7.8377
2019-09-09,"HKD=X",7.84
2019-09-10,"HKD=X",7.83844
2019-09-11,"HKD=X",NA
2019-09-12,"HKD=X",NA
2019-09-13,"HKD=X",NA
2019-09-16,"HKD=X",NA
2019-09-17,"HKD=X",NA
2019-09-18,"HKD=X",NA
2019-09-19,"HKD=X",NA
2019-09-20,"HKD=X",NA
2019-09-23,"HKD=X",NA
2019-09-24,"HKD=X",NA
2019-09-25,"HKD=X",NA
2019-09-26,"HKD=X",NA
2019-09-27,"HKD=X",NA
2019-09-30,"HKD=X",NA
2019-10-01,"HKD=X",NA
2019-10-02,"HKD=X",NA
2019-10-03,"HKD=X",NA
2019-10-04,"HKD=X",NA
2019-10-07,"HKD=X",NA
2019-10-08,"HKD=X",7.8427
2019-10-09,"HKD=X",NA
2019-10-10,"HKD=X",7.8449
2019-10-11,"HKD=X",7.84233
2019-10-14,"HKD=X",7.8432
2019-10-15,"HKD=X",7.84466
2019-10-16,"HKD=X",7.8452
2019-10-17,"HKD=X",7.8448
2019-10-18,"HKD=X",7.844
2019-10-21,"HKD=X",7.8427
2019-10-22,"HKD=X",7.84214
2019-10-23,"HKD=X",7.84233
2019-10-24,"HKD=X",7.8413
2019-10-25,"HKD=X",7.8383
2019-10-28,"HKD=X",7.8371
2019-10-29,"HKD=X",7.8388
2019-10-30,"HKD=X",7.83964
2019-10-31,"HKD=X",7.83932
2019-11-01,"HKD=X",7.8367
2019-11-04,"HKD=X",7.837
2019-11-05,"HKD=X",7.8366
2019-11-06,"HKD=X",7.8324
2019-11-07,"HKD=X",7.82647
2019-11-08,"HKD=X",7.8256
2019-11-11,"HKD=X",7.82824
2019-11-12,"HKD=X",7.82561
2019-11-13,"HKD=X",7.8287
2019-11-14,"HKD=X",7.8281
2019-11-15,"HKD=X",7.8279
2019-11-18,"HKD=X",7.82646
2019-11-19,"HKD=X",7.82692
2019-11-20,"HKD=X",7.8273
2019-11-21,"HKD=X",7.8262
2019-11-22,"HKD=X",7.8202
2019-11-25,"HKD=X",7.8252
2019-11-26,"HKD=X",7.82559
2019-11-27,"HKD=X",7.8285
2019-11-28,"HKD=X",7.82736
2019-11-29,"HKD=X",7.8271
2019-12-02,"HKD=X",7.8283
2019-12-03,"HKD=X",7.8283
2019-12-04,"HKD=X",7.8297
2019-12-05,"HKD=X",7.8288
2019-12-06,"HKD=X",7.8287
2019-12-09,"HKD=X",7.82896
2019-12-10,"HKD=X",7.82835
2019-12-11,"HKD=X",7.8267
2019-12-12,"HKD=X",7.80866
2019-12-13,"HKD=X",7.8055
2019-12-16,"HKD=X",7.79878
2019-12-17,"HKD=X",7.79266
2019-12-18,"HKD=X",7.787
2019-12-19,"HKD=X",7.7881
2019-12-20,"HKD=X",7.7944
2019-12-23,"HKD=X",7.79685
2019-12-24,"HKD=X",7.7869
2019-12-25,"HKD=X",7.7881
2019-12-26,"HKD=X",7.7886
2019-12-27,"HKD=X",7.7879
2019-12-30,"HKD=X",7.78733
2019-12-31,"HKD=X",7.7881
2020-01-01,"HKD=X",7.7865
2020-01-02,"HKD=X",7.7925
2020-01-03,"HKD=X",7.7883
2020-01-06,"HKD=X",7.7815
2020-01-07,"HKD=X",7.7704
2020-01-08,"HKD=X",7.7773
2020-01-09,"HKD=X",7.7762
2020-01-10,"HKD=X",7.76648
2020-01-13,"HKD=X",7.76653
2020-01-14,"HKD=X",7.7715
2020-01-15,"HKD=X",7.77661
2020-01-16,"HKD=X",7.7715
2020-01-17,"HKD=X",7.7716
2020-01-20,"HKD=X",7.76783
2020-01-21,"HKD=X",7.7692
2020-01-22,"HKD=X",7.7702
2020-01-23,"HKD=X",7.7709
2020-01-24,"HKD=X",7.7723
2020-01-27,"HKD=X",7.77444
2020-01-28,"HKD=X",7.7771
2020-01-29,"HKD=X",7.77544
2020-01-30,"HKD=X",7.77299
2020-01-31,"HKD=X",7.7675
2020-02-03,"HKD=X",7.76569
2020-02-04,"HKD=X",7.766
2020-02-05,"HKD=X",7.7664
2020-02-06,"HKD=X",7.7634
2020-02-07,"HKD=X",7.76347
2020-02-10,"HKD=X",7.7658
2020-02-11,"HKD=X",7.7662
2020-02-12,"HKD=X",7.7652
2020-02-13,"HKD=X",7.7689
2020-02-14,"HKD=X",7.7666
2020-02-17,"HKD=X",7.76726
2020-02-18,"HKD=X",7.7678
2020-02-19,"HKD=X",7.7686
2020-02-20,"HKD=X",7.77301
2020-02-21,"HKD=X",7.7807
2020-02-24,"HKD=X",7.79194
2020-02-25,"HKD=X",7.79216
2020-02-26,"HKD=X",7.78965
2020-02-27,"HKD=X",7.79252
2020-02-28,"HKD=X",7.7946
2020-03-02,"HKD=X",7.79308
2020-03-03,"HKD=X",7.7809
2020-03-04,"HKD=X",7.7701
2020-03-05,"HKD=X",7.77175
2020-03-06,"HKD=X",7.77072
2020-03-09,"HKD=X",7.7693
2020-03-10,"HKD=X",7.771
2020-03-11,"HKD=X",7.7682
2020-03-12,"HKD=X",7.7685
2020-03-13,"HKD=X",7.7766
2020-03-16,"HKD=X",7.76326
2020-03-17,"HKD=X",7.7657
2020-03-18,"HKD=X",7.7621
2020-03-19,"HKD=X",7.7635
2020-03-20,"HKD=X",7.76173
2020-03-23,"HKD=X",7.75877
2020-03-24,"HKD=X",7.756
2020-03-25,"HKD=X",7.75276
2020-03-26,"HKD=X",7.7526
2020-03-27,"HKD=X",7.7522
2020-03-30,"HKD=X",7.751
2020-03-31,"HKD=X",7.754
2020-04-01,"HKD=X",7.75182
2020-04-02,"HKD=X",7.7519
2020-04-03,"HKD=X",7.75155
2020-04-06,"HKD=X",7.7527
2020-04-07,"HKD=X",7.7515
2020-04-08,"HKD=X",7.75215
2020-04-09,"HKD=X",7.75161
2020-04-10,"HKD=X",7.7528
2020-04-13,"HKD=X",7.7517
2020-04-14,"HKD=X",7.7524
2020-04-15,"HKD=X",7.7514
2020-04-16,"HKD=X",7.7511
2020-04-17,"HKD=X",7.75081
2020-04-20,"HKD=X",7.75075
2020-04-21,"HKD=X",7.7503
2020-04-22,"HKD=X",7.74992
2020-04-23,"HKD=X",7.75023
2020-04-24,"HKD=X",7.7506
2020-04-27,"HKD=X",7.7505
2020-04-28,"HKD=X",7.75047
2020-04-29,"HKD=X",7.7503
2020-04-30,"HKD=X",7.75
2020-05-01,"HKD=X",7.75164
2020-05-04,"HKD=X",7.75213
2020-05-05,"HKD=X",7.7531
2020-05-06,"HKD=X",7.75305
2020-05-07,"HKD=X",7.752
2020-05-08,"HKD=X",7.7508
2020-05-11,"HKD=X",7.75107
2020-05-12,"HKD=X",7.75051
2020-05-13,"HKD=X",7.7505
2020-05-14,"HKD=X",7.7508
2020-05-15,"HKD=X",7.75086
2020-05-18,"HKD=X",7.7507
2020-05-19,"HKD=X",7.7511
2020-05-20,"HKD=X",7.7504
2020-05-21,"HKD=X",7.75
2020-05-22,"HKD=X",7.7543
2020-05-25,"HKD=X",7.75676
2020-05-26,"HKD=X",7.75438
2020-05-27,"HKD=X",7.75325
2020-05-28,"HKD=X",7.75338
2020-05-29,"HKD=X",7.7527
2020-06-01,"HKD=X",7.75297
2020-06-02,"HKD=X",7.7514
2020-06-03,"HKD=X",7.7505
2020-06-04,"HKD=X",7.75
2020-06-05,"HKD=X",7.7501
2020-06-08,"HKD=X",7.75012
2020-06-09,"HKD=X",7.7515
2020-06-10,"HKD=X",7.751
2020-06-11,"HKD=X",7.7499
2020-06-12,"HKD=X",7.7502
2020-06-15,"HKD=X",7.75
2020-06-16,"HKD=X",7.75001
2020-06-17,"HKD=X",7.7498
2020-06-18,"HKD=X",7.7499
2020-06-19,"HKD=X",7.75
2020-06-22,"HKD=X",7.75001
2020-06-23,"HKD=X",7.75
2020-06-24,"HKD=X",7.7501
2020-06-25,"HKD=X",7.7506
2020-06-26,"HKD=X",7.7515
2020-06-29,"HKD=X",7.75
2020-06-30,"HKD=X",7.7502
2020-07-01,"HKD=X",7.7506
2020-07-02,"HKD=X",7.7505
2020-07-03,"HKD=X",7.7502
2020-07-06,"HKD=X",7.75013
2020-07-07,"HKD=X",7.7507
2020-07-08,"HKD=X",7.7505
2020-07-09,"HKD=X",7.75012
2020-07-10,"HKD=X",7.75012
2020-07-13,"HKD=X",7.75144
2020-07-14,"HKD=X",7.7508
2020-07-15,"HKD=X",7.7509
2020-07-16,"HKD=X",7.7522
2020-07-17,"HKD=X",7.7537
2020-07-20,"HKD=X",7.7528
2020-07-21,"HKD=X",7.7518
2020-07-22,"HKD=X",7.75079
2020-07-23,"HKD=X",7.7528
2020-07-24,"HKD=X",7.7516
2020-07-27,"HKD=X",7.75088
2020-07-28,"HKD=X",7.7512
2020-07-29,"HKD=X",7.7502
2020-07-30,"HKD=X",7.75012
2020-07-31,"HKD=X",7.7499
2020-08-03,"HKD=X",7.75
2020-08-04,"HKD=X",7.7507
2020-08-05,"HKD=X",7.7502
2020-08-06,"HKD=X",7.7511
2020-08-07,"HKD=X",7.7504
2020-08-10,"HKD=X",7.74996
2020-08-11,"HKD=X",7.74993
2020-08-12,"HKD=X",7.7499
2020-08-13,"HKD=X",7.751
2020-08-14,"HKD=X",7.74958
2020-08-17,"HKD=X",7.75059
2020-08-18,"HKD=X",7.7502
2020-08-19,"HKD=X",7.7502
2020-08-20,"HKD=X",7.7508
2020-08-21,"HKD=X",7.7506
2020-08-24,"HKD=X",7.74999
2020-08-25,"HKD=X",7.7505
2020-08-26,"HKD=X",7.7503
2020-08-27,"HKD=X",7.7507
2020-08-28,"HKD=X",7.7501
2020-08-31,"HKD=X",7.75035
2020-09-01,"HKD=X",7.74997
2020-09-02,"HKD=X",7.7503
2020-09-03,"HKD=X",7.7501
2020-09-04,"HKD=X",7.75
2020-09-07,"HKD=X",7.75019
2020-09-08,"HKD=X",7.7501
2020-09-09,"HKD=X",7.7502
2020-09-10,"HKD=X",7.7506
2020-09-11,"HKD=X",7.7502
2020-09-14,"HKD=X",7.75012
2020-09-15,"HKD=X",7.7502
2020-09-16,"HKD=X",7.74981
2020-09-17,"HKD=X",7.7507
2020-09-18,"HKD=X",7.7499
2020-09-21,"HKD=X",7.7498
2020-09-22,"HKD=X",7.7499
2020-09-23,"HKD=X",7.7499
2020-09-24,"HKD=X",7.7499
2020-09-25,"HKD=X",7.75
2020-09-28,"HKD=X",7.74989
2020-09-29,"HKD=X",7.7501
2020-09-30,"HKD=X",7.7498
2020-10-01,"HKD=X",7.7499
2020-10-02,"HKD=X",7.75
2020-10-05,"HKD=X",7.75
2020-10-06,"HKD=X",7.75006
2020-10-07,"HKD=X",7.7499
2020-10-08,"HKD=X",7.74982
2020-10-09,"HKD=X",7.74984
2020-10-12,"HKD=X",7.74998
2020-10-13,"HKD=X",7.7498
2020-10-14,"HKD=X",7.7532
2020-10-15,"HKD=X",7.74979
2020-10-16,"HKD=X",7.74997
2020-10-19,"HKD=X",7.75017
2020-10-20,"HKD=X",7.74997
2020-10-21,"HKD=X",7.7512
2020-10-22,"HKD=X",7.7498
2020-10-23,"HKD=X",7.7535
2020-10-26,"HKD=X",7.74978
2020-10-27,"HKD=X",7.7542
2020-10-28,"HKD=X",7.7506
2020-10-29,"HKD=X",7.7501
2020-10-30,"HKD=X",7.75143
2020-11-02,"HKD=X",7.75259
2020-11-03,"HKD=X",7.751
2020-11-04,"HKD=X",7.7531
2020-11-05,"HKD=X",7.75438
2020-11-06,"HKD=X",7.75402
2020-11-09,"HKD=X",7.75333
2020-11-10,"HKD=X",7.75227
2020-11-11,"HKD=X",7.7536
2020-11-12,"HKD=X",7.75396
2020-11-13,"HKD=X",7.75379
2020-11-16,"HKD=X",7.75334
2020-11-17,"HKD=X",7.75335
2020-11-18,"HKD=X",7.75229
2020-11-19,"HKD=X",7.75228
2020-11-20,"HKD=X",7.7526
2020-11-23,"HKD=X",7.7522
2020-11-24,"HKD=X",7.7522
2020-11-25,"HKD=X",7.7514
2020-11-26,"HKD=X",7.75116
2020-11-27,"HKD=X",7.7507
2020-11-30,"HKD=X",7.75047
2020-12-01,"HKD=X",7.75121
2020-12-02,"HKD=X",7.7519
2020-12-03,"HKD=X",7.752
2020-12-04,"HKD=X",7.7512
2020-12-07,"HKD=X",7.75047
2020-12-08,"HKD=X",7.7508
2020-12-09,"HKD=X",7.75138
2020-12-10,"HKD=X",7.75141
2020-12-11,"HKD=X",7.75137
2020-12-14,"HKD=X",7.75121
2020-12-15,"HKD=X",7.7516
2020-12-16,"HKD=X",7.7512
2020-12-17,"HKD=X",7.7514
2020-12-18,"HKD=X",7.75209
2020-12-21,"HKD=X",7.75214
2020-12-22,"HKD=X",7.75263
2020-12-23,"HKD=X",7.7526
2020-12-24,"HKD=X",7.75236
2020-12-25,"HKD=X",7.7533
2020-12-28,"HKD=X",7.75347
2020-12-29,"HKD=X",7.7546
2020-12-30,"HKD=X",7.75377
2020-12-31,"HKD=X",7.75218
2021-01-01,"HKD=X",7.7532
2021-01-04,"HKD=X",7.75301
2021-01-05,"HKD=X",7.75302
2021-01-06,"HKD=X",7.75275
2021-01-07,"HKD=X",7.7529
2021-01-08,"HKD=X",7.753
2021-01-11,"HKD=X",7.75435
2021-01-12,"HKD=X",7.7551
2021-01-13,"HKD=X",7.75409
2021-01-14,"HKD=X",7.7534
2021-01-15,"HKD=X",7.7532
2021-01-18,"HKD=X",7.75325
2021-01-19,"HKD=X",7.7531
2021-01-20,"HKD=X",7.75198
2021-01-21,"HKD=X",7.7518
2021-01-22,"HKD=X",7.7516
2021-01-25,"HKD=X",7.75171
2021-01-26,"HKD=X",7.7514
2021-01-27,"HKD=X",7.7517
2021-01-28,"HKD=X",7.75166
2021-01-29,"HKD=X",7.75252
2021-02-01,"HKD=X",7.75285
2021-02-02,"HKD=X",7.75262
2021-02-03,"HKD=X",7.7513
2021-02-04,"HKD=X",7.75126
2021-02-05,"HKD=X",7.7525
2021-02-08,"HKD=X",7.75246
2021-02-09,"HKD=X",7.75219
2021-02-10,"HKD=X",7.75163
2021-02-11,"HKD=X",7.7522
2021-02-12,"HKD=X",7.7527
2021-02-15,"HKD=X",7.75229
2021-02-16,"HKD=X",7.75243
2021-02-17,"HKD=X",7.75208
2021-02-18,"HKD=X",7.7525
2021-02-19,"HKD=X",7.7528
2021-02-22,"HKD=X",7.75275
2021-02-23,"HKD=X",7.7537
2021-02-24,"HKD=X",7.7536
2021-02-25,"HKD=X",7.7545
2021-02-26,"HKD=X",7.7539
2021-03-01,"HKD=X",7.75648
2021-03-02,"HKD=X",7.7557
2021-03-03,"HKD=X",7.7573
2021-03-04,"HKD=X",7.756
2021-03-05,"HKD=X",7.7593
2021-03-08,"HKD=X",7.76385
2021-03-09,"HKD=X",7.76856
2021-03-10,"HKD=X",7.76164
2021-03-11,"HKD=X",7.7611
2021-03-12,"HKD=X",7.75826
2021-03-15,"HKD=X",7.76265
2021-03-16,"HKD=X",7.76426
2021-03-17,"HKD=X",7.7652
2021-03-18,"HKD=X",7.765
2021-03-19,"HKD=X",7.76475
2021-03-22,"HKD=X",7.76525
2021-03-23,"HKD=X",7.7659
2021-03-24,"HKD=X",7.76693
2021-03-25,"HKD=X",7.7685
2021-03-26,"HKD=X",7.76838
2021-03-29,"HKD=X",7.76885
2021-03-30,"HKD=X",7.77273
2021-03-31,"HKD=X",7.7752
2021-04-01,"HKD=X",7.77456
2021-04-02,"HKD=X",7.7755
2021-04-05,"HKD=X",7.77625
2021-04-06,"HKD=X",7.77549
2021-04-07,"HKD=X",7.776
2021-04-08,"HKD=X",7.78448
2021-04-09,"HKD=X",7.77686
2021-04-12,"HKD=X",7.77766
2021-04-13,"HKD=X",7.77384
2021-04-14,"HKD=X",7.77246
2021-04-15,"HKD=X",7.7659
2021-04-16,"HKD=X",7.7671
2021-04-19,"HKD=X",7.77116
2021-04-20,"HKD=X",7.7657
2021-04-21,"HKD=X",7.76135
2021-04-22,"HKD=X",7.7627
2021-04-23,"HKD=X",7.75984
2021-04-26,"HKD=X",7.7609
2021-04-27,"HKD=X",7.7609
2021-04-28,"HKD=X",7.7623
2021-04-29,"HKD=X",7.7624
2021-04-30,"HKD=X",7.76333
2021-05-03,"HKD=X",7.7668
2021-05-04,"HKD=X",7.7661
2021-05-05,"HKD=X",7.76818
2021-05-06,"HKD=X",7.76939
2021-05-07,"HKD=X",7.7682
2021-05-10,"HKD=X",7.7656
2021-05-11,"HKD=X",7.76536
2021-05-12,"HKD=X",7.76843
2021-05-13,"HKD=X",7.76624
2021-05-14,"HKD=X",7.7679
2021-05-17,"HKD=X",7.7672
2021-05-18,"HKD=X",7.76628
2021-05-19,"HKD=X",7.76531
2021-05-20,"HKD=X",7.7649
2021-05-21,"HKD=X",7.7623
2021-05-24,"HKD=X",7.76408
2021-05-25,"HKD=X",7.76435
2021-05-26,"HKD=X",7.7625
2021-05-27,"HKD=X",7.7628
2021-05-28,"HKD=X",7.7603
2021-05-31,"HKD=X",7.76185
2021-06-01,"HKD=X",7.761
2021-06-02,"HKD=X",7.7592
2021-06-03,"HKD=X",7.75846
2021-06-04,"HKD=X",7.758
2021-06-07,"HKD=X",7.75713
2021-06-08,"HKD=X",7.7592
2021-06-09,"HKD=X",7.76
2021-06-10,"HKD=X",7.76
2021-06-11,"HKD=X",7.7605
2021-06-14,"HKD=X",7.76152
2021-06-15,"HKD=X",7.762
2021-06-16,"HKD=X",7.76308
2021-06-17,"HKD=X",7.76294
2021-06-18,"HKD=X",7.76422
2021-06-21,"HKD=X",7.7644
2021-06-22,"HKD=X",7.76462
2021-06-23,"HKD=X",7.7661
2021-06-24,"HKD=X",7.76475
2021-06-25,"HKD=X",7.763
2021-06-28,"HKD=X",7.76153
2021-06-29,"HKD=X",7.76278
2021-06-30,"HKD=X",7.7633
2021-07-01,"HKD=X",7.76436
2021-07-02,"HKD=X",7.76579
2021-07-05,"HKD=X",7.76534
2021-07-06,"HKD=X",7.7674
2021-07-07,"HKD=X",7.76685
2021-07-08,"HKD=X",7.7678
2021-07-09,"HKD=X",7.7677
2021-07-12,"HKD=X",7.76718
2021-07-13,"HKD=X",7.7663
2021-07-14,"HKD=X",7.766
2021-07-15,"HKD=X",7.76601
2021-07-16,"HKD=X",7.7679
2021-07-19,"HKD=X",7.76799
2021-07-20,"HKD=X",7.7707
2021-07-21,"HKD=X",7.7723
2021-07-22,"HKD=X",7.77266
2021-07-23,"HKD=X",7.7709
2021-07-26,"HKD=X",7.76897
2021-07-27,"HKD=X",7.7788
2021-07-28,"HKD=X",7.78251
2021-07-29,"HKD=X",7.7805
2021-07-30,"HKD=X",7.77004
2021-08-02,"HKD=X",7.7721
2021-08-03,"HKD=X",7.77375
2021-08-04,"HKD=X",7.7771
2021-08-05,"HKD=X",7.77555
2021-08-06,"HKD=X",7.77637
2021-08-09,"HKD=X",7.7802
2021-08-10,"HKD=X",7.7831
2021-08-11,"HKD=X",7.7809
2021-08-12,"HKD=X",7.77837
2021-08-13,"HKD=X",7.78166
